[
    {
        "model": "opencirt.user",
        "pk": 16,
        "fields": {
            "username": "lead_admin",
            "password": "pbkdf2_sha256$320000$Ta9CtCMM48JEVb6wuIXcOS$w9F2RXz49PZESAeawB/ON3Gz0ZFzUrwjseHKG/0vU5M=",
            "email": "lead@opencirt.local",
            "is_admin": true,
            "is_superuser": true,
            "is_staff": true,
            "is_active": true,
            "displayname": "Lead Admin",
            "date_joined": "2024-01-01T00:00:00Z",
            "first_connection_time": "2024-01-01T00:00:00Z",
            "last_connection_time": "2024-01-01T00:00:00Z"
        }
    },
    {
        "model": "opencirt.user",
        "pk": 17,
        "fields": {
            "username": "sarah_cirt",
            "password": "pbkdf2_sha256$320000$CGNjwEk0WJmVPdf1sPu0gh$MRyoGipfrBj5yGalE/Gk6uT+PafAL01bC0Qv95fWsZQ=",
            "email": "sarah@opencirt.local",
            "is_admin": false,
            "is_superuser": false,
            "is_staff": false,
            "is_active": true,
            "displayname": "Sarah CIRT",
            "date_joined": "2024-01-02T00:00:00Z",
            "first_connection_time": "2024-01-02T00:00:00Z",
            "last_connection_time": "2024-01-02T00:00:00Z"
        }
    },
    {
        "model": "opencirt.user",
        "pk": 1,
        "fields": {
            "username": "admin_user",
            "password": "pbkdf2_sha256$600000$examplehash1",
            "email": "admin@example.com",
            "is_admin": true,
            "first_connection_time": "2024-06-01T10:00:00Z",
            "last_connection_time": "2024-06-15T14:00:00Z",
            "displayname": "Admin User"
        }
    },
    {
        "model": "opencirt.user",
        "pk": 2,
        "fields": {
            "username": "responder1",
            "password": "pbkdf2_sha256$600000$examplehash2",
            "email": "responder1@example.com",
            "is_admin": false,
            "first_connection_time": "2024-06-05T12:00:00Z",
            "last_connection_time": "2024-06-15T15:00:00Z",
            "displayname": "Responder One"
        }
    },
    {
        "model": "opencirt.user",
        "pk": 3,
        "fields": {
            "username": "responder2",
            "password": "pbkdf2_sha256$600000$examplehash3",
            "email": "responder2@example.com",
            "is_admin": false,
            "first_connection_time": "2024-06-10T09:30:00Z",
            "last_connection_time": "2024-06-15T16:00:00Z",
            "displayname": "Responder Two"
        }
    },
    {
        "model": "opencirt.user",
        "pk": 4,
        "fields": {
            "username": "alexjohnson",
            "password": "pbkdf2_sha256$216000$sdfG8eERTdgg$84bVpe08JruF5we89hQaLOI0XYNmVGV2zmZINo5c0Is=", 
            "is_admin": false,
            "first_connection_time": "2024-01-04T00:00:00Z",
            "last_connection_time": "2024-01-04T00:00:00Z",
            "displayname": "Alex Johnson",
            "email": "alexjohnson@example.com"
        }
    },
    {
        "model": "opencirt.user",
        "pk": 5,
        "fields": {
            "username": "mariawilliams",
            "password": "pbkdf2_sha256$216000$sdgi37R7p6T$84bVpe08JruF5we89hQaLOI0XYNmVGV2zmZINo5c0Is=", 
            "is_admin": false,
            "first_connection_time": "2024-01-05T00:00:00Z",
            "last_connection_time": "2024-01-05T00:00:00Z",
            "displayname": "Maria Williams",
            "email": "mariawilliams@example.com"
        }
    },
    {
        "model": "opencirt.user",
        "pk": 6,
        "fields": {
            "username": "robertbrown",
            "password": "pbkdf2_sha256$216000$sdFg8eTkd3W$84bVpe08JruF5we89hQaLOI0XYNmVGV2zmZINo5c0Is=", 
            "is_admin": true,
            "first_connection_time": "2024-01-06T00:00:00Z",
            "last_connection_time": "2024-01-06T00:00:00Z",
            "displayname": "Robert Brown",
            "email": "robertbrown@example.com"
        }
    },
    {
        "model": "opencirt.user",
        "pk": 7,
        "fields": {
            "username": "elizabethdavis",
            "password": "pbkdf2_sha256$216000$sdFbdg5Fg6t$84bVpe08JruF5we89hQaLOI0XYNmVGV2zmZINo5c0Is=", 
            "is_admin": false,
            "first_connection_time": "2024-01-07T00:00:00Z",
            "last_connection_time": "2024-01-07T00:00:00Z",
            "displayname": "Elizabeth Davis",
            "email": "elizabethdavis@example.com"
        }
    },
    {
        "model": "opencirt.user",
        "pk": 8,
        "fields": {
            "username": "jamesmiller",
            "password": "pbkdf2_sha256$216000$sdg7gf8SHk$84bVpe08JruF5we89hQaLOI0XYNmVGV2zmZINo5c0Is=", 
            "is_admin": false,
            "first_connection_time": "2024-01-08T00:00:00Z",
            "last_connection_time": "2024-01-08T00:00:00Z",
            "displayname": "James Miller",
            "email": "jamesmiller@example.com"
        }
    },
    {
        "model": "opencirt.user",
        "pk": 9,
        "fields": {
            "username": "patriciawilson",
            "password": "pbkdf2_sha256$216000$g3sdg7FGk$84bVpe08JruF5we89hQaLOI0XYNmVGV2zmZINo5c0Is=", 
            "is_admin": true,
            "first_connection_time": "2024-01-09T00:00:00Z",
            "last_connection_time": "2024-01-09T00:00:00Z",
            "displayname": "Patricia Wilson",
            "email": "patriciawilson@example.com"
        }
    },
    {
        "model": "opencirt.user",
        "pk": 10,
        "fields": {
            "username": "michaelmoore",
            "password": "pbkdf2_sha256$216000$ghhdggf5W$84bVpe08JruF5we89hQaLOI0XYNmVGV2zmZINo5c0Is=", 
            "is_admin": false,
            "first_connection_time": "2024-01-10T00:00:00Z",
            "last_connection_time": "2024-01-10T00:00:00Z",
            "displayname": "Michael Moore",
            "email": "michaelmoore@example.com"
        }
    },
    {
        "model": "opencirt.incident",
        "pk": 1,
        "fields": {
            "name": "Ransomware Attack on File Server",
            "description": "A ransomware attack encrypted critical data on the company's main file server.",
            "status": "OPEN",
            "severity": "CRITICAL",
            "executive_summary": "The incident involved ransomware encrypting key corporate files. Systems were restored using backups after containment.",
            "lessons_learned": "Improved backup policies and stricter email attachment filtering were implemented.",
            "technical_details": "Malicious email attachment executed, leading to ransomware deployment.",
            "export_include_timeline": true,
            "export_include_iocs": true,
            "export_include_attachements": false,
            "starting_time": "2024-06-15T10:00:00Z",
            "ending_time": "2024-06-15T16:00:00Z",
            "duration": "6:00:00",
            "time_to_detect": "0:30:00",
            "time_to_respond": "2:00:00",
            "created_at": "2024-06-15T16:30:00Z",
            "updated_at": "2024-06-15T18:00:00Z",
            "created_by": 1
        }
    },
    {
        "model": "opencirt.incident",
        "pk": 2,
        "fields": {
            "name": "Unauthorized Access to Admin Portal",
            "description": "An attacker gained unauthorized access to the administrative portal via a leaked password.",
            "status": "IN_PROGRESS",
            "severity": "HIGH",
            "executive_summary": "The attacker accessed the admin portal and altered user privileges. Investigation is ongoing.",
            "lessons_learned": "Implement multi-factor authentication and enforce strong password policies.",
            "technical_details": "Leaked admin credentials used to log in from an external IP address.",
            "export_include_timeline": true,
            "export_include_iocs": true,
            "export_include_attachements": true,
            "starting_time": "2024-06-16T08:00:00Z",
            "ending_time": "2024-06-16T12:00:00Z",
            "duration": "4:00:00",
            "time_to_detect": "1:00:00",
            "time_to_respond": "2:30:00",
            "created_at": "2024-05-24T12:30:00Z",
            "updated_at": "2024-06-17T14:00:00Z",
            "created_by": 8
        }
    },
    {
        "model": "opencirt.incident",
        "pk": 3,
        "fields": {
            "name": "Distributed Denial of Service (DDoS) Attack",
            "description": "A large-scale DDoS attack targeted the company's public-facing web application, causing downtime.",
            "status": "CLOSED",
            "severity": "HIGH",
            "executive_summary": "The attack led to temporary downtime of the web application. Mitigation measures were applied successfully.",
            "lessons_learned": "Enhanced DDoS protection and traffic monitoring were implemented.",
            "technical_details": "Massive volume of traffic originating from botnets overloaded the servers.",
            "export_include_timeline": false,
            "export_include_iocs": true,
            "export_include_attachements": false,
            "starting_time": "2024-06-14T14:00:00Z",
            "ending_time": "2024-06-14T17:00:00Z",
            "duration": "3:00:00",
            "time_to_detect": "0:10:00",
            "time_to_respond": "1:30:00",
            "created_at": "2024-06-14T17:30:00Z",
            "updated_at": "2024-06-14T19:00:00Z",
            "created_by": 2
        }
    },
    {
        "model": "opencirt.incident",
        "pk": 4,
        "fields": {
            "name": "Test new public incident",
            "description": "This is a description of the public incident",
            "status": "CLOSED",
            "severity": "HIGH",
            "executive_summary": "LALALALALALA",
            "lessons_learned": "LALALALALALA",
            "technical_details": "LALALALALALA",
            "export_include_timeline": false,
            "export_include_iocs": true,
            "export_include_attachements": false,
            "starting_time": "2024-06-14T14:00:00Z",
            "ending_time": "2024-06-14T17:00:00Z",
            "duration": "3:00:00",
            "time_to_detect": "0:10:00",
            "time_to_respond": "1:30:00",
            "created_at": "2024-06-15T17:30:00Z",
            "updated_at": "2024-06-14T19:00:00Z",
            "created_by": 16,
            "is_public": true
        }
    },
    {
        "model": "opencirt.incident",
        "pk": 5,
        "fields": {
            "name": "Phising campaign ongoing",
            "description": "This is a description of the public incident",
            "status": "IN_PROGRESS",
            "severity": "HIGH",
            "executive_summary": "LALALALALALA",
            "lessons_learned": "LALALALALALA",
            "technical_details": "LALALALALALA",
            "export_include_timeline": false,
            "export_include_iocs": true,
            "export_include_attachements": false,
            "starting_time": "2024-06-14T14:00:00Z",
            "ending_time": "2024-06-14T17:00:00Z",
            "duration": "3:00:00",
            "time_to_detect": "0:10:00",
            "time_to_respond": "1:30:00",
            "created_at": "2024-06-15T17:30:00Z",
            "updated_at": "2024-06-14T19:00:00Z",
            "created_by": 16,
            "is_public": true
        }
    },
    {
        "model": "opencirt.incident",
        "pk": 6,
        "fields": {
            "name": "Physical penetration in company server room",
            "description": "This is a description of the public incident",
            "status": "RESOLVED",
            "severity": "LOW",
            "executive_summary": "LALALALALALA",
            "lessons_learned": "LALALALALALA",
            "technical_details": "LALALALALALA",
            "export_include_timeline": false,
            "export_include_iocs": true,
            "export_include_attachements": false,
            "starting_time": "2024-06-14T14:00:00Z",
            "ending_time": "2024-06-14T17:00:00Z",
            "duration": "3:00:00",
            "time_to_detect": "0:10:00",
            "time_to_respond": "1:30:00",
            "created_at": "2024-06-02T17:30:00Z",
            "updated_at": "2024-06-14T19:00:00Z",
            "created_by": 16,
            "is_public": true
        }
    },
    {
        "model": "opencirt.incident",
        "pk": 7,
        "fields": {
            "name": "Potential communication with C2 IP",
            "description": "This is a description of the public incident",
            "status": "CLOSED",
            "severity": "MEDIUM",
            "executive_summary": "LALALALALALA",
            "lessons_learned": "LALALALALALA",
            "technical_details": "LALALALALALA",
            "export_include_timeline": false,
            "export_include_iocs": true,
            "export_include_attachements": false,
            "starting_time": "2024-06-14T14:00:00Z",
            "ending_time": "2024-06-14T17:00:00Z",
            "duration": "3:00:00",
            "time_to_detect": "0:10:00",
            "time_to_respond": "1:30:00",
            "created_at": "2024-06-27T17:30:00Z",
            "updated_at": "2024-06-14T19:00:00Z",
            "created_by": 16,
            "is_public": true
        }
    },
    {
        "model": "opencirt.message",
        "pk": 1,
        "fields": {
            "created_at": "2024-12-18T10:05:00Z",
            "sender": 1,
            "text": "Unauthorized access detected on server X. Investigating now.",
            "incident": 1
        }
    },
    {
        "model": "opencirt.message",
        "pk": 2,
        "fields": {
            "created_at": "2024-12-18T10:15:00Z",
            "sender": 2,
            "text": "Logs show suspicious login attempts. Attempting to isolate the server.",
            "incident": 1
        }
    },
    {
        "model": "opencirt.message",
        "pk": 3,
        "fields": {
            "created_at": "2024-12-18T11:00:00Z",
            "sender": 3,
            "text": "Server isolated. Need to analyze access logs further.",
            "incident": 1
        }
    },
    {
        "model": "opencirt.message",
        "pk": 4,
        "fields": {
            "created_at": "2024-12-19T08:40:00Z",
            "sender": 4,
            "text": "Received multiple reports of phishing emails targeting employees.",
            "incident": 2
        }
    },
    {
        "model": "opencirt.message",
        "pk": 5,
        "fields": {
            "created_at": "2024-12-19T09:00:00Z",
            "sender": 5,
            "text": "Email filters updated to block identified phishing domains.",
            "incident": 2
        }
    },
    {
        "model": "opencirt.message",
        "pk": 6,
        "fields": {
            "created_at": "2024-12-19T09:30:00Z",
            "sender": 6,
            "text": "Employees have been informed. Monitoring for additional phishing attempts.",
            "incident": 2
        }
    },
    {
        "model": "opencirt.message",
        "pk": 7,
        "fields": {
            "created_at": "2024-12-15T09:30:00Z",
            "sender": 6,
            "text": "Malware detected on several workstations. Initiating response.",
            "incident": 3
        }
    },
    {
        "model": "opencirt.message",
        "pk": 8,
        "fields": {
            "created_at": "2024-12-15T10:00:00Z",
            "sender": 8,
            "text": "Containment protocols in effect. Isolating infected systems.",
            "incident": 3
        }
    },
    {
        "model": "opencirt.message",
        "pk": 9,
        "fields": {
            "created_at": "2024-12-15T11:00:00Z",
            "sender": 9,
            "text": "Malware source identified. Implementing patches and scanning for residual infections.",
            "incident": 3
        }
    },
    {
        "model": "opencirt.message",
        "pk": 10,
        "fields": {
            "created_at": "2024-12-15T12:30:00Z",
            "sender": 1,
            "text": "Systems are clean. Preparing incident report.",
            "incident": 3
        }
    },
    {
        "model": "opencirt.message",
        "pk": 11,
        "fields": {
            "created_at": "2024-12-15T12:30:00Z",
            "sender": 1,
            "text": "This message is way too long. This message is way too long. This message is way too long. This message is way too long. This message is way too long. This message is way too long. This message is way too long. This message is way too long. This message is way too long. This message is way too long. This message is way too long. This message is way too long. This message is way too long. This message is way too long. This message is way too long.",
            "incident": 3
        }
    },

      {
        "model": "opencirt.genericioc",
        "pk": 1,
        "fields": {
          "value": "5f4e4f1d3c7b3e1f97a3c41d9b674d9e7c1b6d8a7f6e4e5d8e71e28d6f95f58",
          "type": "HASH",
          "created_by": 1,
          "status": "COMPROMISED",
          "description": "Hash corresponding to known malware signature.",
          "incident": 1,
          "tags": [1],
          "created_at": "2024-12-18T10:22:00Z",
          "updated_at": "2024-12-18T10:22:00Z"
        }
      },
      {
        "model": "opencirt.genericioc",
        "pk": 100,
        "fields": {
          "value": "Williamito",
          "type": "ACCOUNT",
          "created_by": 1,
          "status": "",
          "description": "This dumbass left his creds everywhere ...",
          "incident": 1,
          "tags": [2],
          "created_at": "2024-12-18T10:22:00Z",
          "updated_at": "2024-12-18T10:22:00Z"
        }
      },
      {
        "model": "opencirt.genericioc",
        "pk": 99,
        "fields": {
          "value": "kapibara.exe",
          "type": "FILENAME",
          "created_by": 1,
          "tags": [1,3],
          "status": "",
          "description": "Malicous exe",
          "incident": 1,
          "created_at": "2024-12-18T10:22:00Z",
          "updated_at": "2024-12-18T10:22:00Z"
        }
      },
      {
        "model": "opencirt.genericioc",
        "pk": 102,
        "fields": {
          "value": "195.46.78.22",
          "type": "IPADRESS",
          "created_by": 1,
          "tag": "",
          "status": "",
          "description": "Potential C2",
          "incident": 1,
          "created_at": "2024-12-18T10:22:00Z",
          "updated_at": "2024-12-18T10:22:00Z"
        }
      },
      {
        "model": "opencirt.genericioc",
        "pk": 2,
        "fields": {
          "value": "malicious_file.exe",
          "type": "FILENAME",
          "created_by": 2,
          "tag": "Suspicious Filename",
          "status": "POTENTIALLY_COMPROMISED",
          "description": "File name observed in suspicious emails.",
          "incident": 2,
          "created_at": "2024-12-17T15:35:00Z",
          "updated_at": "2024-12-17T15:40:00Z"
        }
      },
      {
        "model": "opencirt.genericioc",
        "pk": 3,
        "fields": {
          "value": "user123@company.com",
          "type": "EMAIL",
          "created_by": 3,
          "tag": "Phishing Attempt",
          "status": "SAFE",
          "description": "Email address commonly used in phishing attempts.",
          "incident": 3,
          "created_at": "2024-12-16T08:55:00Z",
          "updated_at": "2024-12-16T09:10:00Z"
        }
      },
      {
        "model": "opencirt.genericioc",
        "pk": 4,
        "fields": {
          "value": "account_462b78df",
          "type": "ACCOUNT",
          "created_by": 4,
          "tag": "Compromised Account",
          "status": "COMPROMISED",
          "description": "Account credentials discovered in breach.",
          "incident": 1,
          "created_at": "2024-12-15T11:00:00Z",
          "updated_at": "2024-12-15T11:05:00Z"
        }
      },
      {
        "model": "opencirt.genericioc",
        "pk": 5,
        "fields": {
          "value": "C:\\Users\\user\\Documents\\suspect_folder",
          "type": "Folder",
          "created_by": 5,
          "tag": "Sensitive Folder",
          "status": "POTENTIALLY_COMPROMISED",
          "description": "Folder containing potential unauthorized documents.",
          "incident": 2,
          "created_at": "2024-12-14T17:20:00Z",
          "updated_at": "2024-12-14T17:30:00Z"
        }
      },
      {
        "model": "opencirt.genericioc",
        "pk": 6,
        "fields": {
          "value": "192.168.1.105",
          "type": "NETWORK",
          "created_by": 6,
          "tag": "Internal IP Address",
          "status": "SAFE",
          "description": "Internal IP address used by an authorized device.",
          "incident": 3,
          "created_at": "2024-12-13T14:10:00Z",
          "updated_at": "2024-12-13T14:15:00Z"
        }
      },
      {
        "model": "opencirt.genericioc",
        "pk": 7,
        "fields": {
          "value": "tcp://10.1.1.100:4444",
          "type": "SRC_PORT",
          "created_by": 7,
          "tag": "Suspicious Port",
          "status": "POTENTIALLY_COMPROMISED",
          "description": "Unusual source port used in the attack.",
          "incident": 2,
          "created_at": "2024-12-12T16:45:00Z",
          "updated_at": "2024-12-12T16:50:00Z"
        }
      },
      {
        "model": "opencirt.genericioc",
        "pk": 8,
        "fields": {
          "value": "443",
          "type": "DST_PORT",
          "created_by": 8,
          "tag": "Potential Backdoor",
          "status": "SAFE",
          "description": "Destination port commonly associated with secure web traffic.",
          "incident": 3,
          "created_at": "2024-12-11T09:30:00Z",
          "updated_at": "2024-12-11T09:35:00Z"
        }
      },
      {
        "model": "opencirt.genericioc",
        "pk": 9,
        "fields": {
          "value": "device_mac_123456789abc",
          "type": "DEVICE",
          "created_by": 9,
          "tag": "Unregistered Device",
          "status": "COMPROMISED",
          "description": "Unregistered device detected on the network.",
          "incident": 1,
          "created_at": "2024-12-10T08:20:00Z",
          "updated_at": "2024-12-10T08:30:00Z"
        }
      },
      {
        "model": "opencirt.genericioc",
        "pk": 10,
        "fields": {
          "value": "Comcast",
          "type": "ISP",
          "created_by": 1,
          "tag": "Suspicious ISP",
          "status": "POTENTIALLY_COMPROMISED",
          "description": "Suspicious ISP associated with several attack vectors.",
          "incident": 2,
          "created_at": "2024-12-09T19:05:00Z",
          "updated_at": "2024-12-09T19:15:00Z"
        }
      },
      {
        "model": "opencirt.note",
        "pk": 1,
        "fields": {
          "name": "My first note",
          "text": "This is my first note",
          "created_by": 1,
          "incident": 1,
          "created_at": "2024-12-09T19:05:00Z",
          "updated_at": "2024-12-09T19:15:00Z"
        }
      },
      {
        "model": "opencirt.note",
        "pk": 2,
        "fields": {
          "name": "My second note",
          "text": "This is my second note",
          "created_by": 1,
          "incident": 1,
          "created_at": "2024-12-09T19:05:00Z",
          "updated_at": "2024-12-09T19:15:00Z"
        }
      },
      {
        "model": "opencirt.Action",
        "pk": 1,
        "fields": {
          "incident": 1,
          "created_by": 1,
          "title": "Network Anomaly Detected",
          "description": "Unusual network traffic patterns suggest unauthorized access attempts on internal systems.",
          "type": "ALERT",
          "iocs": [1, 102],
          "tags": [1, 2],
          "created_at": "2024-06-01T08:30:00Z",
          "updated_at": "2024-06-01T08:45:00Z",
          "is_first_action_this_day": true,
          "observed_at": "2024-06-01T08:25:00Z"
        }
      },
    {
      "model": "opencirt.Action",
      "pk": 2,
      "fields": {
        "incident": 1,
        "created_by": 1,
        "title": "Incident Response Team Activated",
        "description": "The incident response team was mobilized to investigate the suspicious network activity.",
        "type": "DEFENSIVE",
        "iocs": [],
        "created_at": "2024-06-01T09:00:00Z",
        "updated_at": "2024-06-01T09:15:00Z",
        "starting_time": "2024-06-01T09:00:00Z",
        "ending_time": "2024-06-01T09:30:00Z"
      }
    },
    {
      "model": "opencirt.Action",
      "pk": 3,
      "fields": {
        "incident": 1,
        "created_by": 1,
        "title": "Unauthorized Access Confirmed",
        "description": "Initial investigation confirmed unauthorized access to critical internal systems.",
        "type": "MALICIOUS",
        "iocs": [99],
        "created_at": "2024-06-01T10:15:00Z",
        "updated_at": "2024-06-01T10:30:00Z",
        "observed_at": "2024-06-01T10:10:00Z"
      }
    },
    {
      "model": "opencirt.Action",
      "pk": 4,
      "fields": {
        "incident": 1,
        "created_by": 1,
        "title": "Compromised Accounts Revoked",
        "description": "Access for all identified compromised accounts was revoked to prevent further unauthorized activity.",
        "type": "MITIGATION",
        "tags": [1],
        "iocs": [100],
        "created_at": "2024-06-01T11:45:00Z",
        "updated_at": "2024-06-01T12:00:00Z",
        "starting_time": "2024-06-01T11:40:00Z",
        "ending_time": "2024-06-01T12:05:00Z"
      }
    },
    {
      "model": "opencirt.Action",
      "pk": 5,
      "fields": {
        "incident": 1,
        "created_by": 1,
        "title": "Malware Quarantine Initiated",
        "description": "Malware detected on three servers was successfully isolated and quarantined.",
        "type": "DEFENSIVE",
        "tags": [2,3],
        "iocs": [4,99],
        "created_at": "2024-06-01T13:30:00Z",
        "updated_at": "2024-06-01T13:45:00Z",
        "observed_at": "2024-06-01T13:25:00Z"
      }
    },
    {
      "model": "opencirt.Action",
      "pk": 6,
      "fields": {
        "incident": 1,
        "created_by": 1,
        "title": "Security Patch Deployed",
        "description": "Security patches were applied to vulnerable systems to mitigate the risk of further exploitation.",
        "type": "MITIGATION",
        "iocs": [100, 4],
        "created_at": "2024-06-01T15:00:00Z",
        "updated_at": "2024-06-01T15:15:00Z",
        "starting_time": "2024-06-01T14:50:00Z",
        "ending_time": "2024-06-01T15:10:00Z"
      }
    },
    {
      "model": "opencirt.Action",
      "pk": 7,
      "fields": {
        "incident": 1,
        "created_by": 1,
        "title": "Forensic Investigation Launched",
        "description": "A comprehensive forensic investigation was initiated to determine the full scope of the breach.",
        "type": "OTHER",
        "iocs": [1],
        "created_at": "2024-06-01T16:30:00Z",
        "updated_at": "2024-06-01T16:45:00Z",
        "observed_at": "2024-06-01T16:25:00Z"
      }
    },
    {
      "model": "opencirt.Action",
      "pk": 8,
      "fields": {
        "incident": 1,
        "created_by": 1,
        "title": "Internal Memo Issued",
        "description": "An internal memo was sent to employees detailing the incident and providing safety guidelines.",
        "type": "COMMUNICATION",
        "iocs": [],
        "created_at": "2024-06-01T17:00:00Z",
        "updated_at": "2024-06-01T17:15:00Z",
        "observed_at": "2024-06-01T16:55:00Z"
      }
    },
    {
      "model": "opencirt.Action",
      "pk": 9,
      "fields": {
        "incident": 1,
        "created_by": 1,
        "title": "External Stakeholders Notified",
        "description": "External stakeholders and regulatory bodies were notified as per compliance requirements.",
        "type": "COMMUNICATION",
        "iocs": [],
        "created_at": "2024-06-01T18:00:00Z",
        "updated_at": "2024-06-01T18:15:00Z",
        "starting_time": "2024-06-01T17:50:00Z",
        "ending_time": "2024-06-01T18:10:00Z"
      }
    },
    {
      "model": "opencirt.Action",
      "pk": 10,
      "fields": {
        "incident": 1,
        "created_by": 1,
        "title": "Post-Incident Review Scheduled",
        "description": "A post-incident review meeting was scheduled to assess the response and improve future readiness.",
        "type": "OTHER",
        "iocs": [],
        "created_at": "2024-06-02T09:00:00Z",
        "updated_at": "2024-06-02T09:30:00Z",
        "is_first_action_this_day": true,
        "observed_at": "2024-06-02T08:50:00Z"
      }
    },
    {
      "model": "opencirt.task",
      "pk": 1,
      "fields": {
        "created_at": "2023-01-01T12:00:00Z",
        "updated_at": "2023-01-01T12:00:00Z",
        "created_by": null,
        "incident": 1,
        "title": "Update Incident Report",
        "external_reference": "INC-001",
        "description": "Review and update the report for the recent incident. Ensure all details are accurate.",
        "status": "OPEN",
        "priority": "HIGH",
        "assignee": 17
      }
    },
    {
      "model": "opencirt.task",
      "pk": 2,
      "fields": {
        "created_at": "2023-01-01T12:00:00Z",
        "updated_at": "2023-01-01T12:00:00Z",
        "created_by": null,
        "incident": 1,
        "title": "Conduct Root Cause Analysis",
        "external_reference": "INC-002",
        "description": "Perform a detailed analysis to identify the root cause of the incident and document findings.",
        "status": "OPEN",
        "priority": "MEDIUM",
        "assignee": 2
      }
    },
    {
      "model": "opencirt.task",
      "pk": 3,
      "fields": {
        "created_at": "2023-01-01T12:00:00Z",
        "updated_at": "2023-01-01T12:00:00Z",
        "created_by": null,
        "incident": 1,
        "title": "Implement Immediate Fix",
        "external_reference": "INC-003",
        "description": "Apply the necessary immediate fixes to prevent further incidents from occurring.",
        "status": "DONE",
        "priority": "HIGH",
        "assignee": 17
      }
    },
    {
      "model": "opencirt.task",
      "pk": 4,
      "fields": {
        "created_at": "2023-01-01T12:00:00Z",
        "updated_at": "2023-01-01T12:00:00Z",
        "created_by": null,
        "incident": 1,
        "title": "Create Action Plan",
        "external_reference": "INC-004",
        "description": "Develop an action plan based on the findings of the root cause analysis.",
        "status": "OPEN",
        "priority": "LOW",
        "assignee": 4
      }
    },
    {
      "model": "opencirt.task",
      "pk": 5,
      "fields": {
        "created_at": "2023-01-01T12:00:00Z",
        "updated_at": "2023-01-01T12:00:00Z",
        "created_by": null,
        "incident": 1,
        "title": "Update Stakeholders",
        "external_reference": "INC-005",
        "description": "Prepare a briefing for stakeholders on the current status of the incident resolution process.",
        "status": "OPEN",
        "priority": "MEDIUM",
        "assignee": 5
      }
    },
    {
      "model": "opencirt.task",
      "pk": 6,
      "fields": {
        "created_at": "2023-01-01T12:00:00Z",
        "updated_at": "2023-01-01T12:00:00Z",
        "created_by": null,
        "incident": 1,
        "title": "Review Incident Impact",
        "external_reference": "INC-006",
        "description": "Assess the impact of the incident on operations and document the results.",
        "status": "IN_PROGRESS",
        "priority": "HIGH",
        "assignee": null
      }
    },
    {
      "model": "opencirt.task",
      "pk": 7,
      "fields": {
        "created_at": "2023-01-01T12:00:00Z",
        "updated_at": "2023-01-01T12:00:00Z",
        "created_by": null,
        "incident": 1,
        "title": "Conduct Follow-Up Meeting",
        "external_reference": "INC-007",
        "description": "Organize a follow-up meeting with the team to discuss progress and next steps.",
        "status": "OPEN",
        "priority": "MEDIUM",
        "assignee": 7
      }
    },
    {
      "model": "opencirt.task",
      "pk": 8,
      "fields": {
        "created_at": "2023-01-01T12:00:00Z",
        "updated_at": "2023-01-01T12:00:00Z",
        "created_by": null,
        "incident": 1,
        "title": "Finalize Documentation",
        "external_reference": "INC-008",
        "description": "Compile and finalize all documentation related to the incident resolution process.",
        "status": "DONE",
        "priority": "LOW",
        "assignee": 17
      }
    },
    {
      "model": "opencirt.task",
      "pk": 9,
      "fields": {
        "created_at": "2023-01-01T12:00:00Z",
        "updated_at": "2023-01-01T12:00:00Z",
        "created_by": null,
        "incident": 1,
        "title": "Schedule Testing",
        "external_reference": "INC-009",
        "description": "Schedule tests to verify the effectiveness of the implemented fixes.",
        "status": "IN_PROGRESS",
        "priority": "MEDIUM",
        "assignee": null
      }
    },
    {
      "model": "opencirt.task",
      "pk": 10,
      "fields": {
        "created_at": "2023-01-01T12:00:00Z",
        "updated_at": "2023-01-01T12:00:00Z",
        "created_by": null,
        "incident": 1,
        "title": "Prepare Lessons Learned Report",
        "external_reference": "INC-010",
        "description": "Document lessons learned from the incident to improve future responses.",
        "status": "IN_PROGRESS",
        "priority": "MEDIUM",
        "assignee": 17
      }
    },
    {
      "model": "opencirt.userrole",
      "pk": 1,
      "fields": {
          "user": 1,
          "incident": 1,
          "role": "INCIDENT_LEAD"
      }
    },
    {
        "model": "opencirt.userrole",
        "pk": 2,
        "fields": {
            "user": 2,
            "incident": 1, 
            "role": "RESPONDER"
        }
    },
    {
        "model": "opencirt.userrole",
        "pk": 3,
        "fields": {
            "user": 17,
            "incident": 1, 
            "role": "INCIDENT_LEAD"
        }
    },
    {
        "model": "opencirt.userrole",
        "pk": 4,
        "fields": {
            "user": 17,
            "incident": 2, 
            "role": "RESPONDER"
        }
    },
    {
        "model": "opencirt.userrole",
        "pk": 5,
        "fields": {
            "user": 16,
            "incident": 2, 
            "role": "INCIDENT_LEAD"
        }
    },
    {
        "model": "opencirt.userrole",
        "pk": 6,
        "fields": {
            "user": 17,
            "incident": 3, 
            "role": "RESPONDER"
        }
    },
    {
        "model": "opencirt.userrole",
        "pk": 7,
        "fields": {
            "user": 1,
            "incident": 3, 
            "role": "READER"
        }
    },
    {
        "model": "opencirt.userrole",
        "pk": 8,
        "fields": {
            "user": 16,
            "incident": 1,
            "role": "INCIDENT_LEAD"
        }
    },
    {
      "model": "opencirt.tag",
      "pk": 1,
      "fields": {
        "created_at": "2025-01-06T00:00:00Z",
        "updated_at": "2025-01-06T00:00:00Z",
        "created_by": 1,
        "name": "Tag 1",
        "color": "#FF5733",
        "incident": 1
      }
    },
    {
      "model": "opencirt.tag",
      "pk": 2,
      "fields": {
        "created_at": "2025-01-06T00:00:00Z",
        "updated_at": "2025-01-06T00:00:00Z",
        "created_by": 1,
        "name": "Tag 2",
        "color": "#33FF57",
        "incident": 1
      }
    },
    {
      "model": "opencirt.tag",
      "pk": 3,
      "fields": {
        "created_at": "2025-01-06T00:00:00Z",
        "updated_at": "2025-01-06T00:00:00Z",
        "created_by": 1,
        "name": "Tag 3",
        "color": "#5733FF",
        "incident": 1
      }
    },
    {
      "model": "opencirt.impact",
      "pk": 1,
      "fields": {
          "created_at": "2025-03-10T10:00:00Z",
          "updated_at": "2025-03-10T10:00:00Z",
          "created_by": 1,
          "incident": 1,
          "title": "Data Breach",
          "external_reference": "INC-2025-001",
          "description": "Unauthorized access led to exposure of sensitive customer data.",
          "status": "CONTINUOUS",
          "severity": "HIGH",
          "assignee": 2,
          "tags": [1, 2],
          "starting_time": "2025-03-10T09:45:00Z",
          "ending_time": "2025-03-10T11:00:00Z",
          "duration": "1:15:00",
          "type": "DATA_LOSS"
      }
    },
    {
        "model": "opencirt.impact",
        "pk": 2,
        "fields": {
            "created_at": "2025-03-10T10:05:00Z",
            "updated_at": "2025-03-10T10:05:00Z",
            "created_by": 1,
            "incident": 1,
            "title": "Service Downtime",
            "external_reference": "INC-2025-002",
            "description": "Critical systems were taken offline due to ransomware.",
            "status": "CONTINUOUS",
            "severity": "CRITICAL",
            "assignee": 1,
            "tags": [3],
            "starting_time": "2025-03-10T09:50:00Z",
            "ending_time": "2025-03-10T12:30:00Z",
            "duration": "2:40:00",
            "type": "SYSTEMS_AVAILABILITY"
        }
    },
    {
        "model": "opencirt.impact",
        "pk": 3,
        "fields": {
            "created_at": "2025-03-10T10:10:00Z",
            "updated_at": "2025-03-10T10:10:00Z",
            "created_by": 1,
            "incident": 1,
            "title": "Financial Loss",
            "external_reference": "INC-2025-003",
            "description": "Significant monetary losses due to fraudulent transactions.",
            "status": "RESOLVED",
            "severity": "HIGH",
            "assignee": 1,
            "tags": [3],
            "starting_time": "2025-03-10T09:55:00Z",
            "ending_time": "2025-03-10T11:45:00Z",
            "duration": "1:50:00",
            "type": "BUSINESS_IMPACT"
        }
    },
    {
        "model": "opencirt.impact",
        "pk": 4,
        "fields": {
            "created_at": "2025-03-10T10:15:00Z",
            "updated_at": "2025-03-10T10:15:00Z",
            "created_by": 1,
            "incident": 1,
            "title": "Reputation Damage",
            "external_reference": "INC-2025-004",
            "description": "Public disclosure of the breach harmed brand credibility.",
            "status": "CLOSED",
            "severity": "MEDIUM",
            "assignee": 1,
            "tags": [2],
            "starting_time": "2025-03-10T10:00:00Z",
            "ending_time": "2025-03-10T12:00:00Z",
            "duration": "2:00:00",
            "type": "REPUTATION"
        }
    },
    {
        "model": "opencirt.impact",
        "pk": 5,
        "fields": {
            "created_at": "2025-03-10T10:20:00Z",
            "updated_at": "2025-03-11T10:20:00Z",
            "created_by": 1,
            "incident": 1,
            "title": "Compliance Violation",
            "external_reference": "INC-2025-005",
            "description": "Breach of GDPR regulations resulted in potential fines.",
            "status": "IN_PROGRESS",
            "severity": "HIGH",
            "assignee": 1,
            "tags": [1],
            "starting_time": "2025-03-10T10:05:00Z",
            "ending_time": "2025-03-11T11:30:00Z",
            "duration": "25:25:00",
            "type": "NOT_DEFINED"
        }
    }
      
  ]
